[
  {
    "pk": 1, 
    "model": "auth.user", 
    "fields": {
      "username": "admin", 
      "first_name": "", 
      "last_name": "", 
      "is_active": true, 
      "is_superuser": true, 
      "is_staff": true, 
      "last_login": "2012-08-08 10:20:41", 
      "groups": [], 
      "user_permissions": [], 
      "password": "sha1$9d8b6$eb63736a27ec0dc762c1af4409fd871ac17883e7", 
      "email": "asdf@asd.com", 
      "date_joined": "2012-08-03 17:05:05"
    }
  }, 
  {
    "pk": 2, 
    "model": "datasheets.category", 
    "fields": {
      "name": "Plastic"
    }
  }, 
  {
    "pk": 3, 
    "model": "datasheets.category", 
    "fields": {
      "name": "Metal"
    }
  }, 
  {
    "pk": 4, 
    "model": "datasheets.category", 
    "fields": {
      "name": "Glass"
    }
  }, 
  {
    "pk": 6, 
    "model": "datasheets.category", 
    "fields": {
      "name": "Uncategorized"
    }
  }, 
  {
    "pk": 5, 
    "model": "datasheets.category", 
    "fields": {
      "name": "Event_type"
    }
  }, 
  {
    "pk": 8, 
    "model": "datasheets.category", 
    "fields": {
      "name": "Organizations"
    }
  }, 
  {
    "pk": 9, 
    "model": "datasheets.category", 
    "fields": {
      "name": "Paper"
    }
  }, 
  {
    "pk": 7, 
    "model": "datasheets.category", 
    "fields": {
      "name": "Event_details"
    }
  }, 
  {
    "pk": 3, 
    "model": "datasheets.datasheet", 
    "fields": {
      "sheetname": "SOLV_AllData_07242012", 
      "media_id": null, 
      "year_started": 1981, 
      "created_by": 3
    }
  }, 
  {
    "pk": 2, 
    "model": "datasheets.datasheet", 
    "fields": {
      "sheetname": "2012 Cleanup Data", 
      "media_id": null, 
      "year_started": 2012, 
      "created_by": 2
    }
  }, 
  {
    "pk": 65, 
    "model": "datasheets.datasheetfield", 
    "fields": {
      "category": 9, 
      "print_name": "Paper", 
      "field_id": 141, 
      "unit_id": null, 
      "sheet_id": 3, 
      "field_name": "Paper"
    }
  }, 
  {
    "pk": 71, 
    "model": "datasheets.datasheetfield", 
    "fields": {
      "category": 6, 
      "print_name": "ShrubsPlanted", 
      "field_id": 226, 
      "unit_id": null, 
      "sheet_id": 3, 
      "field_name": "ShrubsPlanted"
    }
  }, 
  {
    "pk": 72, 
    "model": "datasheets.datasheetfield", 
    "fields": {
      "category": 6, 
      "print_name": "Mulched", 
      "field_id": 227, 
      "unit_id": null, 
      "sheet_id": 3, 
      "field_name": "Mulched"
    }
  }, 
  {
    "pk": 73, 
    "model": "datasheets.datasheetfield", 
    "fields": {
      "category": 6, 
      "print_name": "Caged", 
      "field_id": 228, 
      "unit_id": null, 
      "sheet_id": 3, 
      "field_name": "Caged"
    }
  }, 
  {
    "pk": 74, 
    "model": "datasheets.datasheetfield", 
    "fields": {
      "category": 6, 
      "print_name": "StormDrains", 
      "field_id": 230, 
      "unit_id": null, 
      "sheet_id": 3, 
      "field_name": "StormDrains"
    }
  }, 
  {
    "pk": 75, 
    "model": "datasheets.datasheetfield", 
    "fields": {
      "category": 6, 
      "print_name": "staking", 
      "field_id": 231, 
      "unit_id": null, 
      "sheet_id": 3, 
      "field_name": "staking"
    }
  }, 
  {
    "pk": 76, 
    "model": "datasheets.datasheetfield", 
    "fields": {
      "category": 6, 
      "print_name": "PaidCrew", 
      "field_id": 232, 
      "unit_id": null, 
      "sheet_id": 3, 
      "field_name": "PaidCrew"
    }
  }, 
  {
    "pk": 77, 
    "model": "datasheets.datasheetfield", 
    "fields": {
      "category": 6, 
      "print_name": "Cuttings", 
      "field_id": 233, 
      "unit_id": null, 
      "sheet_id": 3, 
      "field_name": "Cuttings"
    }
  }, 
  {
    "pk": 78, 
    "model": "datasheets.datasheetfield", 
    "fields": {
      "category": 6, 
      "print_name": "StreamBioEngineering", 
      "field_id": 234, 
      "unit_id": null, 
      "sheet_id": 3, 
      "field_name": "StreamBioEngineering"
    }
  }, 
  {
    "pk": 79, 
    "model": "datasheets.datasheetfield", 
    "fields": {
      "category": 6, 
      "print_name": "PrioritySite", 
      "field_id": 235, 
      "unit_id": null, 
      "sheet_id": 3, 
      "field_name": "PrioritySite"
    }
  }, 
  {
    "pk": 80, 
    "model": "datasheets.datasheetfield", 
    "fields": {
      "category": 6, 
      "print_name": "Litter", 
      "field_id": 236, 
      "unit_id": null, 
      "sheet_id": 3, 
      "field_name": "Litter"
    }
  }, 
  {
    "pk": 81, 
    "model": "datasheets.datasheetfield", 
    "fields": {
      "category": 6, 
      "print_name": "Maint", 
      "field_id": 237, 
      "unit_id": null, 
      "sheet_id": 3, 
      "field_name": "Maint"
    }
  }, 
  {
    "pk": 82, 
    "model": "datasheets.datasheetfield", 
    "fields": {
      "category": 6, 
      "print_name": "Invasives", 
      "field_id": 238, 
      "unit_id": null, 
      "sheet_id": 3, 
      "field_name": "Invasives"
    }
  }, 
  {
    "pk": 83, 
    "model": "datasheets.datasheetfield", 
    "fields": {
      "category": 7, 
      "print_name": "WaiversRecieved", 
      "field_id": 241, 
      "unit_id": null, 
      "sheet_id": 3, 
      "field_name": "WaiversRecieved"
    }
  }, 
  {
    "pk": 84, 
    "model": "datasheets.datasheetfield", 
    "fields": {
      "category": 7, 
      "print_name": "Comments", 
      "field_id": 246, 
      "unit_id": null, 
      "sheet_id": 3, 
      "field_name": "Comments"
    }
  }, 
  {
    "pk": 63, 
    "model": "datasheets.datasheetfield", 
    "fields": {
      "category": 2, 
      "print_name": "Plastics", 
      "field_id": 107, 
      "unit_id": null, 
      "sheet_id": 3, 
      "field_name": "Plastics"
    }
  }, 
  {
    "pk": 64, 
    "model": "datasheets.datasheetfield", 
    "fields": {
      "category": 4, 
      "print_name": "Glass", 
      "field_id": 140, 
      "unit_id": null, 
      "sheet_id": 3, 
      "field_name": "Glass"
    }
  }, 
  {
    "pk": 67, 
    "model": "datasheets.datasheetfield", 
    "fields": {
      "category": 6, 
      "print_name": "NumberTires", 
      "field_id": 217, 
      "unit_id": null, 
      "sheet_id": 3, 
      "field_name": "NumberTires"
    }
  }, 
  {
    "pk": 68, 
    "model": "datasheets.datasheetfield", 
    "fields": {
      "category": 6, 
      "print_name": "PoundsTires", 
      "field_id": 218, 
      "unit_id": 2, 
      "sheet_id": 3, 
      "field_name": "PoundsTires"
    }
  }, 
  {
    "pk": 69, 
    "model": "datasheets.datasheetfield", 
    "fields": {
      "category": 6, 
      "print_name": "coffeebags", 
      "field_id": 222, 
      "unit_id": null, 
      "sheet_id": 3, 
      "field_name": "coffeebags"
    }
  }, 
  {
    "pk": 70, 
    "model": "datasheets.datasheetfield", 
    "fields": {
      "category": 6, 
      "print_name": "TreesPlanted", 
      "field_id": 225, 
      "unit_id": null, 
      "sheet_id": 3, 
      "field_name": "TreesPlanted"
    }
  }, 
  {
    "pk": 6, 
    "model": "datasheets.datasheetfield", 
    "fields": {
      "category": 7, 
      "print_name": "Cleanup Site", 
      "field_id": 8, 
      "unit_id": null, 
      "sheet_id": 2, 
      "field_name": "Cleanup Site"
    }
  }, 
  {
    "pk": 7, 
    "model": "datasheets.datasheetfield", 
    "fields": {
      "category": 7, 
      "print_name": "Cleanup Date", 
      "field_id": 10, 
      "unit_id": null, 
      "sheet_id": 2, 
      "field_name": "Cleanup Date"
    }
  }, 
  {
    "pk": 8, 
    "model": "datasheets.datasheetfield", 
    "fields": {
      "category": 7, 
      "print_name": "Name", 
      "field_id": 16, 
      "unit_id": null, 
      "sheet_id": 2, 
      "field_name": "Name"
    }
  }, 
  {
    "pk": 9, 
    "model": "datasheets.datasheetfield", 
    "fields": {
      "category": 7, 
      "print_name": "Group Name", 
      "field_id": 23, 
      "unit_id": null, 
      "sheet_id": 2, 
      "field_name": "Group Name"
    }
  }, 
  {
    "pk": 10, 
    "model": "datasheets.datasheetfield", 
    "fields": {
      "category": 7, 
      "print_name": "City/County", 
      "field_id": 40, 
      "unit_id": null, 
      "sheet_id": 2, 
      "field_name": "City/County"
    }
  }, 
  {
    "pk": 11, 
    "model": "datasheets.datasheetfield", 
    "fields": {
      "category": 7, 
      "print_name": "Cleanup Area", 
      "field_id": 63, 
      "unit_id": null, 
      "sheet_id": 2, 
      "field_name": "Cleanup Area"
    }
  }, 
  {
    "pk": 12, 
    "model": "datasheets.datasheetfield", 
    "fields": {
      "category": 7, 
      "print_name": "# of Volunteers", 
      "field_id": 82, 
      "unit_id": null, 
      "sheet_id": 2, 
      "field_name": "# of Volunteers"
    }
  }, 
  {
    "pk": 13, 
    "model": "datasheets.datasheetfield", 
    "fields": {
      "category": 7, 
      "print_name": "Volunteer Hours", 
      "field_id": 83, 
      "unit_id": null, 
      "sheet_id": 2, 
      "field_name": "Volunteer Hours"
    }
  }, 
  {
    "pk": 14, 
    "model": "datasheets.datasheetfield", 
    "fields": {
      "category": 6, 
      "print_name": "Pounds of Trash Collected", 
      "field_id": 92, 
      "unit_id": 2, 
      "sheet_id": 2, 
      "field_name": "Pounds of Trash Collected"
    }
  }, 
  {
    "pk": 15, 
    "model": "datasheets.datasheetfield", 
    "fields": {
      "category": 6, 
      "print_name": "Pounds of Recycle Collected", 
      "field_id": 93, 
      "unit_id": 2, 
      "sheet_id": 2, 
      "field_name": "Pounds of Recycle Collected"
    }
  }, 
  {
    "pk": 16, 
    "model": "datasheets.datasheetfield", 
    "fields": {
      "category": 2, 
      "print_name": "Plastic Bags (grocery, shopping)", 
      "field_id": 110, 
      "unit_id": null, 
      "sheet_id": 2, 
      "field_name": "Plastic Bags (grocery, shopping)"
    }
  }, 
  {
    "pk": 19, 
    "model": "datasheets.datasheetfield", 
    "fields": {
      "category": 2, 
      "print_name": "Plastic Bags (grocery, shopping)", 
      "field_id": 110, 
      "unit_id": null, 
      "sheet_id": 2, 
      "field_name": "Plastic Bags (grocery, shopping)"
    }
  }, 
  {
    "pk": 20, 
    "model": "datasheets.datasheetfield", 
    "fields": {
      "category": 2, 
      "print_name": "Plastic Bags (trash)", 
      "field_id": 111, 
      "unit_id": null, 
      "sheet_id": 2, 
      "field_name": "Plastic Bags (trash)"
    }
  }, 
  {
    "pk": 21, 
    "model": "datasheets.datasheetfield", 
    "fields": {
      "category": 2, 
      "print_name": "Plastic Bags (ziplock, snack)", 
      "field_id": 112, 
      "unit_id": null, 
      "sheet_id": 2, 
      "field_name": "Plastic Bags (ziplock, snack)"
    }
  }, 
  {
    "pk": 22, 
    "model": "datasheets.datasheetfield", 
    "fields": {
      "category": 2, 
      "print_name": "Plastic food wrappers (ie chips or candy)", 
      "field_id": 113, 
      "unit_id": null, 
      "sheet_id": 2, 
      "field_name": "Plastic food wrappers (ie chips or candy)"
    }
  }, 
  {
    "pk": 23, 
    "model": "datasheets.datasheetfield", 
    "fields": {
      "category": 2, 
      "print_name": "Plastic bottles", 
      "field_id": 114, 
      "unit_id": null, 
      "sheet_id": 2, 
      "field_name": "Plastic bottles"
    }
  }, 
  {
    "pk": 24, 
    "model": "datasheets.datasheetfield", 
    "fields": {
      "category": 7, 
      "print_name": "SiteName", 
      "field_id": 8, 
      "unit_id": null, 
      "sheet_id": 3, 
      "field_name": "SiteName"
    }
  }, 
  {
    "pk": 25, 
    "model": "datasheets.datasheetfield", 
    "fields": {
      "category": 7, 
      "print_name": "Year", 
      "field_id": 9, 
      "unit_id": null, 
      "sheet_id": 3, 
      "field_name": "Year"
    }
  }, 
  {
    "pk": 26, 
    "model": "datasheets.datasheetfield", 
    "fields": {
      "category": 7, 
      "print_name": "EventDt", 
      "field_id": 10, 
      "unit_id": null, 
      "sheet_id": 3, 
      "field_name": "EventDt"
    }
  }, 
  {
    "pk": 27, 
    "model": "datasheets.datasheetfield", 
    "fields": {
      "category": 7, 
      "print_name": "End Date", 
      "field_id": 11, 
      "unit_id": null, 
      "sheet_id": 3, 
      "field_name": "End Date"
    }
  }, 
  {
    "pk": 28, 
    "model": "datasheets.datasheetfield", 
    "fields": {
      "category": 7, 
      "print_name": "StartTime", 
      "field_id": 13, 
      "unit_id": null, 
      "sheet_id": 3, 
      "field_name": "StartTime"
    }
  }, 
  {
    "pk": 29, 
    "model": "datasheets.datasheetfield", 
    "fields": {
      "category": 7, 
      "print_name": "EndTime", 
      "field_id": 14, 
      "unit_id": null, 
      "sheet_id": 3, 
      "field_name": "EndTime"
    }
  }, 
  {
    "pk": 30, 
    "model": "datasheets.datasheetfield", 
    "fields": {
      "category": 7, 
      "print_name": "ContactNumber", 
      "field_id": 17, 
      "unit_id": null, 
      "sheet_id": 3, 
      "field_name": "ContactNumber"
    }
  }, 
  {
    "pk": 31, 
    "model": "datasheets.datasheetfield", 
    "fields": {
      "category": 7, 
      "print_name": "SiteAddress", 
      "field_id": 36, 
      "unit_id": null, 
      "sheet_id": 3, 
      "field_name": "SiteAddress"
    }
  }, 
  {
    "pk": 32, 
    "model": "datasheets.datasheetfield", 
    "fields": {
      "category": 7, 
      "print_name": "Closest City", 
      "field_id": 37, 
      "unit_id": null, 
      "sheet_id": 3, 
      "field_name": "Closest City"
    }
  }, 
  {
    "pk": 33, 
    "model": "datasheets.datasheetfield", 
    "fields": {
      "category": 7, 
      "print_name": "City", 
      "field_id": 38, 
      "unit_id": null, 
      "sheet_id": 3, 
      "field_name": "City"
    }
  }, 
  {
    "pk": 34, 
    "model": "datasheets.datasheetfield", 
    "fields": {
      "category": 7, 
      "print_name": "County", 
      "field_id": 39, 
      "unit_id": null, 
      "sheet_id": 3, 
      "field_name": "County"
    }
  }, 
  {
    "pk": 35, 
    "model": "datasheets.datasheetfield", 
    "fields": {
      "category": 7, 
      "print_name": "SiteState", 
      "field_id": 41, 
      "unit_id": null, 
      "sheet_id": 3, 
      "field_name": "SiteState"
    }
  }, 
  {
    "pk": 36, 
    "model": "datasheets.datasheetfield", 
    "fields": {
      "category": 7, 
      "print_name": "SiteZip", 
      "field_id": 43, 
      "unit_id": null, 
      "sheet_id": 3, 
      "field_name": "SiteZip"
    }
  }, 
  {
    "pk": 37, 
    "model": "datasheets.datasheetfield", 
    "fields": {
      "category": 7, 
      "print_name": "MeetingLocation", 
      "field_id": 45, 
      "unit_id": null, 
      "sheet_id": 3, 
      "field_name": "MeetingLocation"
    }
  }, 
  {
    "pk": 38, 
    "model": "datasheets.datasheetfield", 
    "fields": {
      "category": 7, 
      "print_name": "DirectionsToSite", 
      "field_id": 46, 
      "unit_id": null, 
      "sheet_id": 3, 
      "field_name": "DirectionsToSite"
    }
  }, 
  {
    "pk": 39, 
    "model": "datasheets.datasheetfield", 
    "fields": {
      "category": 7, 
      "print_name": "Program", 
      "field_id": 51, 
      "unit_id": null, 
      "sheet_id": 3, 
      "field_name": "Program"
    }
  }, 
  {
    "pk": 40, 
    "model": "datasheets.datasheetfield", 
    "fields": {
      "category": 7, 
      "print_name": "SubProgram", 
      "field_id": 52, 
      "unit_id": null, 
      "sheet_id": 3, 
      "field_name": "SubProgram"
    }
  }, 
  {
    "pk": 41, 
    "model": "datasheets.datasheetfield", 
    "fields": {
      "category": 7, 
      "print_name": "Event Name", 
      "field_id": 53, 
      "unit_id": null, 
      "sheet_id": 3, 
      "field_name": "Event Name"
    }
  }, 
  {
    "pk": 42, 
    "model": "datasheets.datasheetfield", 
    "fields": {
      "category": 7, 
      "print_name": "PlannedActivities", 
      "field_id": 54, 
      "unit_id": null, 
      "sheet_id": 3, 
      "field_name": "PlannedActivities"
    }
  }, 
  {
    "pk": 43, 
    "model": "datasheets.datasheetfield", 
    "fields": {
      "category": 7, 
      "print_name": "NumOfSites", 
      "field_id": 60, 
      "unit_id": null, 
      "sheet_id": 3, 
      "field_name": "NumOfSites"
    }
  }, 
  {
    "pk": 44, 
    "model": "datasheets.datasheetfield", 
    "fields": {
      "category": 7, 
      "print_name": "Status", 
      "field_id": 61, 
      "unit_id": null, 
      "sheet_id": 3, 
      "field_name": "Status"
    }
  }, 
  {
    "pk": 45, 
    "model": "datasheets.datasheetfield", 
    "fields": {
      "category": 7, 
      "print_name": "StatusNotes", 
      "field_id": 62, 
      "unit_id": null, 
      "sheet_id": 3, 
      "field_name": "StatusNotes"
    }
  }, 
  {
    "pk": 46, 
    "model": "datasheets.datasheetfield", 
    "fields": {
      "category": 7, 
      "print_name": "AreaCleared", 
      "field_id": 63, 
      "unit_id": null, 
      "sheet_id": 3, 
      "field_name": "AreaCleared"
    }
  }, 
  {
    "pk": 47, 
    "model": "datasheets.datasheetfield", 
    "fields": {
      "category": 7, 
      "print_name": "MinVolunteers", 
      "field_id": 68, 
      "unit_id": null, 
      "sheet_id": 3, 
      "field_name": "MinVolunteers"
    }
  }, 
  {
    "pk": 48, 
    "model": "datasheets.datasheetfield", 
    "fields": {
      "category": 7, 
      "print_name": "MaxVolunteers", 
      "field_id": 69, 
      "unit_id": null, 
      "sheet_id": 3, 
      "field_name": "MaxVolunteers"
    }
  }, 
  {
    "pk": 49, 
    "model": "datasheets.datasheetfield", 
    "fields": {
      "category": 7, 
      "print_name": "Adults", 
      "field_id": 70, 
      "unit_id": null, 
      "sheet_id": 3, 
      "field_name": "Adults"
    }
  }, 
  {
    "pk": 50, 
    "model": "datasheets.datasheetfield", 
    "fields": {
      "category": 7, 
      "print_name": "AdultTrainees", 
      "field_id": 71, 
      "unit_id": null, 
      "sheet_id": 3, 
      "field_name": "AdultTrainees"
    }
  }, 
  {
    "pk": 51, 
    "model": "datasheets.datasheetfield", 
    "fields": {
      "category": 7, 
      "print_name": "Youth", 
      "field_id": 72, 
      "unit_id": null, 
      "sheet_id": 3, 
      "field_name": "Youth"
    }
  }, 
  {
    "pk": 52, 
    "model": "datasheets.datasheetfield", 
    "fields": {
      "category": 7, 
      "print_name": "YouthTrainees", 
      "field_id": 73, 
      "unit_id": null, 
      "sheet_id": 3, 
      "field_name": "YouthTrainees"
    }
  }, 
  {
    "pk": 53, 
    "model": "datasheets.datasheetfield", 
    "fields": {
      "category": 7, 
      "print_name": "TeacherTrainees", 
      "field_id": 75, 
      "unit_id": null, 
      "sheet_id": 3, 
      "field_name": "TeacherTrainees"
    }
  }, 
  {
    "pk": 54, 
    "model": "datasheets.datasheetfield", 
    "fields": {
      "category": 7, 
      "print_name": "Students", 
      "field_id": 76, 
      "unit_id": null, 
      "sheet_id": 3, 
      "field_name": "Students"
    }
  }, 
  {
    "pk": 55, 
    "model": "datasheets.datasheetfield", 
    "fields": {
      "category": 7, 
      "print_name": "StudentTrainees", 
      "field_id": 77, 
      "unit_id": null, 
      "sheet_id": 3, 
      "field_name": "StudentTrainees"
    }
  }, 
  {
    "pk": 56, 
    "model": "datasheets.datasheetfield", 
    "fields": {
      "category": 7, 
      "print_name": "TotalVolunteers", 
      "field_id": 82, 
      "unit_id": null, 
      "sheet_id": 3, 
      "field_name": "TotalVolunteers"
    }
  }, 
  {
    "pk": 57, 
    "model": "datasheets.datasheetfield", 
    "fields": {
      "category": 7, 
      "print_name": "Service Learning", 
      "field_id": 84, 
      "unit_id": null, 
      "sheet_id": 3, 
      "field_name": "Service Learning"
    }
  }, 
  {
    "pk": 58, 
    "model": "datasheets.datasheetfield", 
    "fields": {
      "category": 6, 
      "print_name": "PoundsTrash", 
      "field_id": 92, 
      "unit_id": 2, 
      "sheet_id": 3, 
      "field_name": "PoundsTrash"
    }
  }, 
  {
    "pk": 59, 
    "model": "datasheets.datasheetfield", 
    "fields": {
      "category": 6, 
      "print_name": "PoundsGreen", 
      "field_id": 94, 
      "unit_id": 2, 
      "sheet_id": 3, 
      "field_name": "PoundsGreen"
    }
  }, 
  {
    "pk": 60, 
    "model": "datasheets.datasheetfield", 
    "fields": {
      "category": 7, 
      "print_name": "NarrativeResults", 
      "field_id": 103, 
      "unit_id": null, 
      "sheet_id": 3, 
      "field_name": "NarrativeResults"
    }
  }, 
  {
    "pk": 62, 
    "model": "datasheets.datasheetfield", 
    "fields": {
      "category": 7, 
      "print_name": "NarrativeResults", 
      "field_id": 103, 
      "unit_id": null, 
      "sheet_id": 3, 
      "field_name": "NarrativeResults"
    }
  }, 
  {
    "pk": 66, 
    "model": "datasheets.datasheetfield", 
    "fields": {
      "category": 3, 
      "print_name": "ScrapMetal", 
      "field_id": 146, 
      "unit_id": null, 
      "sheet_id": 3, 
      "field_name": "ScrapMetal"
    }
  }, 
  {
    "pk": 8, 
    "model": "datasheets.field", 
    "fields": {
      "default_value": "", 
      "datatype": "text", 
      "maxvalue": null, 
      "unit_id": null, 
      "internal_name": "Cleanup_site_name", 
      "minvalue": null
    }
  }, 
  {
    "pk": 9, 
    "model": "datasheets.field", 
    "fields": {
      "default_value": "", 
      "datatype": "date", 
      "maxvalue": null, 
      "unit_id": null, 
      "internal_name": "Year", 
      "minvalue": null
    }
  }, 
  {
    "pk": 10, 
    "model": "datasheets.field", 
    "fields": {
      "default_value": "", 
      "datatype": "date", 
      "maxvalue": null, 
      "unit_id": null, 
      "internal_name": "Cleanup_date_start", 
      "minvalue": null
    }
  }, 
  {
    "pk": 11, 
    "model": "datasheets.field", 
    "fields": {
      "default_value": "", 
      "datatype": "date", 
      "maxvalue": null, 
      "unit_id": null, 
      "internal_name": "Cleanup_date_end", 
      "minvalue": null
    }
  }, 
  {
    "pk": 13, 
    "model": "datasheets.field", 
    "fields": {
      "default_value": "", 
      "datatype": "date", 
      "maxvalue": null, 
      "unit_id": null, 
      "internal_name": "Start_time", 
      "minvalue": null
    }
  }, 
  {
    "pk": 14, 
    "model": "datasheets.field", 
    "fields": {
      "default_value": "", 
      "datatype": "date", 
      "maxvalue": null, 
      "unit_id": null, 
      "internal_name": "End_time", 
      "minvalue": null
    }
  }, 
  {
    "pk": 15, 
    "model": "datasheets.field", 
    "fields": {
      "default_value": "", 
      "datatype": "text", 
      "maxvalue": null, 
      "unit_id": null, 
      "internal_name": "Cleanup_time", 
      "minvalue": null
    }
  }, 
  {
    "pk": 16, 
    "model": "datasheets.field", 
    "fields": {
      "default_value": "", 
      "datatype": "text", 
      "maxvalue": null, 
      "unit_id": null, 
      "internal_name": "Coordinator_name", 
      "minvalue": null
    }
  }, 
  {
    "pk": 17, 
    "model": "datasheets.field", 
    "fields": {
      "default_value": "", 
      "datatype": "text", 
      "maxvalue": null, 
      "unit_id": null, 
      "internal_name": "Coordinator_phone", 
      "minvalue": null
    }
  }, 
  {
    "pk": 18, 
    "model": "datasheets.field", 
    "fields": {
      "default_value": "", 
      "datatype": "text", 
      "maxvalue": null, 
      "unit_id": null, 
      "internal_name": "Coordinator_phone_type", 
      "minvalue": null
    }
  }, 
  {
    "pk": 19, 
    "model": "datasheets.field", 
    "fields": {
      "default_value": "", 
      "datatype": "text", 
      "maxvalue": null, 
      "unit_id": null, 
      "internal_name": "Coordinator_email", 
      "minvalue": null
    }
  }, 
  {
    "pk": 20, 
    "model": "datasheets.field", 
    "fields": {
      "default_value": "", 
      "datatype": "text", 
      "maxvalue": null, 
      "unit_id": null, 
      "internal_name": "Data_entered_by_name", 
      "minvalue": null
    }
  }, 
  {
    "pk": 21, 
    "model": "datasheets.field", 
    "fields": {
      "default_value": "", 
      "datatype": "date", 
      "maxvalue": null, 
      "unit_id": null, 
      "internal_name": "Data_entered_date", 
      "minvalue": null
    }
  }, 
  {
    "pk": 22, 
    "model": "datasheets.field", 
    "fields": {
      "default_value": "", 
      "datatype": "text", 
      "maxvalue": null, 
      "unit_id": null, 
      "internal_name": "Names_groups_participated_in_cleanup", 
      "minvalue": null
    }
  }, 
  {
    "pk": 23, 
    "model": "datasheets.field", 
    "fields": {
      "default_value": "", 
      "datatype": "text", 
      "maxvalue": null, 
      "unit_id": null, 
      "internal_name": "Cleanup_group_name", 
      "minvalue": null
    }
  }, 
  {
    "pk": 24, 
    "model": "datasheets.field", 
    "fields": {
      "default_value": "", 
      "datatype": "text", 
      "maxvalue": null, 
      "unit_id": null, 
      "internal_name": "Monitoring_group", 
      "minvalue": null
    }
  }, 
  {
    "pk": 25, 
    "model": "datasheets.field", 
    "fields": {
      "default_value": "", 
      "datatype": "text", 
      "maxvalue": null, 
      "unit_id": null, 
      "internal_name": "Cleanup_team_name", 
      "minvalue": null
    }
  }, 
  {
    "pk": 26, 
    "model": "datasheets.field", 
    "fields": {
      "default_value": "", 
      "datatype": "text", 
      "maxvalue": null, 
      "unit_id": null, 
      "internal_name": "Names_participants_in_group", 
      "minvalue": null
    }
  }, 
  {
    "pk": 27, 
    "model": "datasheets.field", 
    "fields": {
      "default_value": "0", 
      "datatype": "number", 
      "maxvalue": null, 
      "unit_id": null, 
      "internal_name": "Ages_participants_in_group", 
      "minvalue": 0
    }
  }, 
  {
    "pk": 28, 
    "model": "datasheets.field", 
    "fields": {
      "default_value": "", 
      "datatype": "text", 
      "maxvalue": null, 
      "unit_id": null, 
      "internal_name": "Addresses_participants_in_group", 
      "minvalue": null
    }
  }, 
  {
    "pk": 29, 
    "model": "datasheets.field", 
    "fields": {
      "default_value": "", 
      "datatype": "text", 
      "maxvalue": null, 
      "unit_id": null, 
      "internal_name": "City_participants_in_group", 
      "minvalue": null
    }
  }, 
  {
    "pk": 30, 
    "model": "datasheets.field", 
    "fields": {
      "default_value": "", 
      "datatype": "text", 
      "maxvalue": null, 
      "unit_id": null, 
      "internal_name": "State_participants_in_group", 
      "minvalue": null
    }
  }, 
  {
    "pk": 31, 
    "model": "datasheets.field", 
    "fields": {
      "default_value": "", 
      "datatype": "text", 
      "maxvalue": null, 
      "unit_id": null, 
      "internal_name": "Zipcode_participants_in_group", 
      "minvalue": null
    }
  }, 
  {
    "pk": 32, 
    "model": "datasheets.field", 
    "fields": {
      "default_value": "", 
      "datatype": "text", 
      "maxvalue": null, 
      "unit_id": null, 
      "internal_name": "Phone_participants_in_group", 
      "minvalue": null
    }
  }, 
  {
    "pk": 33, 
    "model": "datasheets.field", 
    "fields": {
      "default_value": "", 
      "datatype": "text", 
      "maxvalue": null, 
      "unit_id": null, 
      "internal_name": "Email_participants_in_group", 
      "minvalue": null
    }
  }, 
  {
    "pk": 34, 
    "model": "datasheets.field", 
    "fields": {
      "default_value": "", 
      "datatype": "other", 
      "maxvalue": null, 
      "unit_id": null, 
      "internal_name": "More_info_on_Ocean_Conservancy", 
      "minvalue": null
    }
  }, 
  {
    "pk": 35, 
    "model": "datasheets.field", 
    "fields": {
      "default_value": "", 
      "datatype": "other", 
      "maxvalue": null, 
      "unit_id": null, 
      "internal_name": "More_info_on_OAN", 
      "minvalue": null
    }
  }, 
  {
    "pk": 36, 
    "model": "datasheets.field", 
    "fields": {
      "default_value": "", 
      "datatype": "text", 
      "maxvalue": null, 
      "unit_id": null, 
      "internal_name": "Cleanup_address", 
      "minvalue": null
    }
  }, 
  {
    "pk": 37, 
    "model": "datasheets.field", 
    "fields": {
      "default_value": "", 
      "datatype": "text", 
      "maxvalue": null, 
      "unit_id": null, 
      "internal_name": "Closest_city", 
      "minvalue": null
    }
  }, 
  {
    "pk": 38, 
    "model": "datasheets.field", 
    "fields": {
      "default_value": "", 
      "datatype": "text", 
      "maxvalue": null, 
      "unit_id": null, 
      "internal_name": "City", 
      "minvalue": null
    }
  }, 
  {
    "pk": 39, 
    "model": "datasheets.field", 
    "fields": {
      "default_value": "", 
      "datatype": "text", 
      "maxvalue": null, 
      "unit_id": null, 
      "internal_name": "County", 
      "minvalue": null
    }
  }, 
  {
    "pk": 40, 
    "model": "datasheets.field", 
    "fields": {
      "default_value": "", 
      "datatype": "text", 
      "maxvalue": null, 
      "unit_id": null, 
      "internal_name": "City_county", 
      "minvalue": null
    }
  }, 
  {
    "pk": 41, 
    "model": "datasheets.field", 
    "fields": {
      "default_value": "", 
      "datatype": "text", 
      "maxvalue": null, 
      "unit_id": null, 
      "internal_name": "State", 
      "minvalue": null
    }
  }, 
  {
    "pk": 42, 
    "model": "datasheets.field", 
    "fields": {
      "default_value": "", 
      "datatype": "text", 
      "maxvalue": null, 
      "unit_id": null, 
      "internal_name": "Country", 
      "minvalue": null
    }
  }, 
  {
    "pk": 43, 
    "model": "datasheets.field", 
    "fields": {
      "default_value": "", 
      "datatype": "text", 
      "maxvalue": null, 
      "unit_id": null, 
      "internal_name": "Zipcode", 
      "minvalue": null
    }
  }, 
  {
    "pk": 44, 
    "model": "datasheets.field", 
    "fields": {
      "default_value": "", 
      "datatype": "text", 
      "maxvalue": null, 
      "unit_id": null, 
      "internal_name": "Site_path_country_state_county", 
      "minvalue": null
    }
  }, 
  {
    "pk": 45, 
    "model": "datasheets.field", 
    "fields": {
      "default_value": "", 
      "datatype": "text", 
      "maxvalue": null, 
      "unit_id": null, 
      "internal_name": "Meeting_location", 
      "minvalue": null
    }
  }, 
  {
    "pk": 46, 
    "model": "datasheets.field", 
    "fields": {
      "default_value": "", 
      "datatype": "text", 
      "maxvalue": null, 
      "unit_id": null, 
      "internal_name": "Directions_to_cleanup", 
      "minvalue": null
    }
  }, 
  {
    "pk": 47, 
    "model": "datasheets.field", 
    "fields": {
      "default_value": "", 
      "datatype": "other", 
      "maxvalue": null, 
      "unit_id": null, 
      "internal_name": "Latitude", 
      "minvalue": null
    }
  }, 
  {
    "pk": 48, 
    "model": "datasheets.field", 
    "fields": {
      "default_value": "", 
      "datatype": "other", 
      "maxvalue": null, 
      "unit_id": null, 
      "internal_name": "Longitude", 
      "minvalue": null
    }
  }, 
  {
    "pk": 49, 
    "model": "datasheets.field", 
    "fields": {
      "default_value": "", 
      "datatype": "text", 
      "maxvalue": null, 
      "unit_id": null, 
      "internal_name": "Location_ID", 
      "minvalue": null
    }
  }, 
  {
    "pk": 50, 
    "model": "datasheets.field", 
    "fields": {
      "default_value": "", 
      "datatype": "text", 
      "maxvalue": null, 
      "unit_id": null, 
      "internal_name": "Zone_cleaned", 
      "minvalue": null
    }
  }, 
  {
    "pk": 51, 
    "model": "datasheets.field", 
    "fields": {
      "default_value": "", 
      "datatype": "text", 
      "maxvalue": null, 
      "unit_id": null, 
      "internal_name": "Program_name", 
      "minvalue": null
    }
  }, 
  {
    "pk": 52, 
    "model": "datasheets.field", 
    "fields": {
      "default_value": "", 
      "datatype": "text", 
      "maxvalue": null, 
      "unit_id": null, 
      "internal_name": "SubProgram_name", 
      "minvalue": null
    }
  }, 
  {
    "pk": 53, 
    "model": "datasheets.field", 
    "fields": {
      "default_value": "", 
      "datatype": "text", 
      "maxvalue": null, 
      "unit_id": null, 
      "internal_name": "Event_name", 
      "minvalue": null
    }
  }, 
  {
    "pk": 54, 
    "model": "datasheets.field", 
    "fields": {
      "default_value": "", 
      "datatype": "text", 
      "maxvalue": null, 
      "unit_id": null, 
      "internal_name": "Planned_activities", 
      "minvalue": null
    }
  }, 
  {
    "pk": 55, 
    "model": "datasheets.field", 
    "fields": {
      "default_value": "", 
      "datatype": "text", 
      "maxvalue": null, 
      "unit_id": null, 
      "internal_name": "Site_description", 
      "minvalue": null
    }
  }, 
  {
    "pk": 56, 
    "model": "datasheets.field", 
    "fields": {
      "default_value": "", 
      "datatype": "text", 
      "maxvalue": null, 
      "unit_id": null, 
      "internal_name": "Site_type", 
      "minvalue": null
    }
  }, 
  {
    "pk": 57, 
    "model": "datasheets.field", 
    "fields": {
      "default_value": "", 
      "datatype": "text", 
      "maxvalue": null, 
      "unit_id": null, 
      "internal_name": "Cleanup_type_beach", 
      "minvalue": null
    }
  }, 
  {
    "pk": 58, 
    "model": "datasheets.field", 
    "fields": {
      "default_value": "", 
      "datatype": "text", 
      "maxvalue": null, 
      "unit_id": null, 
      "internal_name": "Cleanup_type_underwater", 
      "minvalue": null
    }
  }, 
  {
    "pk": 59, 
    "model": "datasheets.field", 
    "fields": {
      "default_value": "", 
      "datatype": "text", 
      "maxvalue": null, 
      "unit_id": null, 
      "internal_name": "Watershed_ID", 
      "minvalue": null
    }
  }, 
  {
    "pk": 60, 
    "model": "datasheets.field", 
    "fields": {
      "default_value": "0", 
      "datatype": "number", 
      "maxvalue": null, 
      "unit_id": null, 
      "internal_name": "Number_of_sites", 
      "minvalue": 0
    }
  }, 
  {
    "pk": 61, 
    "model": "datasheets.field", 
    "fields": {
      "default_value": "", 
      "datatype": "text", 
      "maxvalue": null, 
      "unit_id": null, 
      "internal_name": "Status", 
      "minvalue": null
    }
  }, 
  {
    "pk": 62, 
    "model": "datasheets.field", 
    "fields": {
      "default_value": "", 
      "datatype": "text", 
      "maxvalue": null, 
      "unit_id": null, 
      "internal_name": "Status_notes", 
      "minvalue": null
    }
  }, 
  {
    "pk": 68, 
    "model": "datasheets.field", 
    "fields": {
      "default_value": "0", 
      "datatype": "number", 
      "maxvalue": null, 
      "unit_id": null, 
      "internal_name": "Minimum_volunteers", 
      "minvalue": 0
    }
  }, 
  {
    "pk": 69, 
    "model": "datasheets.field", 
    "fields": {
      "default_value": "0", 
      "datatype": "number", 
      "maxvalue": null, 
      "unit_id": null, 
      "internal_name": "Maximum_volunteers", 
      "minvalue": 0
    }
  }, 
  {
    "pk": 127, 
    "model": "datasheets.field", 
    "fields": {
      "default_value": "0", 
      "datatype": "number", 
      "maxvalue": null, 
      "unit_id": null, 
      "internal_name": "Plastic_balloons_ribbons", 
      "minvalue": 0
    }
  }, 
  {
    "pk": 64, 
    "model": "datasheets.field", 
    "fields": {
      "default_value": "0", 
      "datatype": "distance", 
      "maxvalue": null, 
      "unit_id": null, 
      "internal_name": "Cleanup_distance_beach", 
      "minvalue": 0
    }
  }, 
  {
    "pk": 115, 
    "model": "datasheets.field", 
    "fields": {
      "default_value": "0", 
      "datatype": "number", 
      "maxvalue": null, 
      "unit_id": null, 
      "internal_name": "Plastic_cups_utensils", 
      "minvalue": 0
    }
  }, 
  {
    "pk": 65, 
    "model": "datasheets.field", 
    "fields": {
      "default_value": "0", 
      "datatype": "distance", 
      "maxvalue": null, 
      "unit_id": null, 
      "internal_name": "Cleanup_distance_underwater", 
      "minvalue": 0
    }
  }, 
  {
    "pk": 66, 
    "model": "datasheets.field", 
    "fields": {
      "default_value": "0", 
      "datatype": "distance", 
      "maxvalue": null, 
      "unit_id": null, 
      "internal_name": "Cleanup_distance_watercraft", 
      "minvalue": 0
    }
  }, 
  {
    "pk": 116, 
    "model": "datasheets.field", 
    "fields": {
      "default_value": "0", 
      "datatype": "number", 
      "maxvalue": null, 
      "unit_id": null, 
      "internal_name": "Plastic_caps_lids", 
      "minvalue": 0
    }
  }, 
  {
    "pk": 67, 
    "model": "datasheets.field", 
    "fields": {
      "default_value": "0", 
      "datatype": "distance", 
      "maxvalue": null, 
      "unit_id": 1, 
      "internal_name": "Cleanup_distance", 
      "minvalue": 0
    }
  }, 
  {
    "pk": 70, 
    "model": "datasheets.field", 
    "fields": {
      "default_value": "0", 
      "datatype": "number", 
      "maxvalue": null, 
      "unit_id": null, 
      "internal_name": "Number_adult_volunteers", 
      "minvalue": 0
    }
  }, 
  {
    "pk": 71, 
    "model": "datasheets.field", 
    "fields": {
      "default_value": "0", 
      "datatype": "number", 
      "maxvalue": null, 
      "unit_id": null, 
      "internal_name": "Number_adult_trainees", 
      "minvalue": 0
    }
  }, 
  {
    "pk": 72, 
    "model": "datasheets.field", 
    "fields": {
      "default_value": "0", 
      "datatype": "number", 
      "maxvalue": null, 
      "unit_id": null, 
      "internal_name": "Number_youth_volunteers", 
      "minvalue": 0
    }
  }, 
  {
    "pk": 73, 
    "model": "datasheets.field", 
    "fields": {
      "default_value": "0", 
      "datatype": "number", 
      "maxvalue": null, 
      "unit_id": null, 
      "internal_name": "Number_youth_trainees", 
      "minvalue": 0
    }
  }, 
  {
    "pk": 74, 
    "model": "datasheets.field", 
    "fields": {
      "default_value": "0", 
      "datatype": "number", 
      "maxvalue": null, 
      "unit_id": null, 
      "internal_name": "Number_school_staff", 
      "minvalue": 0
    }
  }, 
  {
    "pk": 75, 
    "model": "datasheets.field", 
    "fields": {
      "default_value": "0", 
      "datatype": "number", 
      "maxvalue": null, 
      "unit_id": null, 
      "internal_name": "Number_school_staff_trainees", 
      "minvalue": 0
    }
  }, 
  {
    "pk": 76, 
    "model": "datasheets.field", 
    "fields": {
      "default_value": "0", 
      "datatype": "number", 
      "maxvalue": null, 
      "unit_id": null, 
      "internal_name": "Number_students", 
      "minvalue": 0
    }
  }, 
  {
    "pk": 77, 
    "model": "datasheets.field", 
    "fields": {
      "default_value": "0", 
      "datatype": "number", 
      "maxvalue": null, 
      "unit_id": null, 
      "internal_name": "Number_student_trainees", 
      "minvalue": 0
    }
  }, 
  {
    "pk": 78, 
    "model": "datasheets.field", 
    "fields": {
      "default_value": "0", 
      "datatype": "number", 
      "maxvalue": null, 
      "unit_id": null, 
      "internal_name": "Number_volunteers_beach", 
      "minvalue": 0
    }
  }, 
  {
    "pk": 79, 
    "model": "datasheets.field", 
    "fields": {
      "default_value": "0", 
      "datatype": "number", 
      "maxvalue": null, 
      "unit_id": null, 
      "internal_name": "Number_volunteers_underwater", 
      "minvalue": 0
    }
  }, 
  {
    "pk": 80, 
    "model": "datasheets.field", 
    "fields": {
      "default_value": "0", 
      "datatype": "number", 
      "maxvalue": null, 
      "unit_id": null, 
      "internal_name": "Number_volunteers_watercraft", 
      "minvalue": 0
    }
  }, 
  {
    "pk": 81, 
    "model": "datasheets.field", 
    "fields": {
      "default_value": "0", 
      "datatype": "number", 
      "maxvalue": null, 
      "unit_id": null, 
      "internal_name": "Number_volunteers_working_data_card", 
      "minvalue": 0
    }
  }, 
  {
    "pk": 82, 
    "model": "datasheets.field", 
    "fields": {
      "default_value": "0", 
      "datatype": "number", 
      "maxvalue": null, 
      "unit_id": null, 
      "internal_name": "Total_Volunteers", 
      "minvalue": 0
    }
  }, 
  {
    "pk": 83, 
    "model": "datasheets.field", 
    "fields": {
      "default_value": "0", 
      "datatype": "number", 
      "maxvalue": null, 
      "unit_id": null, 
      "internal_name": "Volunteer_hours", 
      "minvalue": 0
    }
  }, 
  {
    "pk": 84, 
    "model": "datasheets.field", 
    "fields": {
      "default_value": "", 
      "datatype": "text", 
      "maxvalue": null, 
      "unit_id": null, 
      "internal_name": "School_service_learning_project", 
      "minvalue": null
    }
  }, 
  {
    "pk": 85, 
    "model": "datasheets.field", 
    "fields": {
      "default_value": "", 
      "datatype": "text", 
      "maxvalue": null, 
      "unit_id": null, 
      "internal_name": "Description_accomplishments_highliights", 
      "minvalue": null
    }
  }, 
  {
    "pk": 86, 
    "model": "datasheets.field", 
    "fields": {
      "default_value": "0", 
      "datatype": "number", 
      "maxvalue": null, 
      "unit_id": null, 
      "internal_name": "Trash_items_scores_level_trash", 
      "minvalue": 0
    }
  }, 
  {
    "pk": 87, 
    "model": "datasheets.field", 
    "fields": {
      "default_value": "0", 
      "datatype": "number", 
      "maxvalue": null, 
      "unit_id": null, 
      "internal_name": "Trash_items_scores_number_trash_items", 
      "minvalue": 0
    }
  }, 
  {
    "pk": 88, 
    "model": "datasheets.field", 
    "fields": {
      "default_value": "0", 
      "datatype": "number", 
      "maxvalue": null, 
      "unit_id": null, 
      "internal_name": "Trash_items_scores_aquatic_life_threat", 
      "minvalue": 0
    }
  }, 
  {
    "pk": 89, 
    "model": "datasheets.field", 
    "fields": {
      "default_value": "0", 
      "datatype": "number", 
      "maxvalue": null, 
      "unit_id": null, 
      "internal_name": "Trash_items_scores_human_health_threat", 
      "minvalue": 0
    }
  }, 
  {
    "pk": 90, 
    "model": "datasheets.field", 
    "fields": {
      "default_value": "0", 
      "datatype": "number", 
      "maxvalue": null, 
      "unit_id": null, 
      "internal_name": "Trash_items_scores_illegal_dumping", 
      "minvalue": 0
    }
  }, 
  {
    "pk": 91, 
    "model": "datasheets.field", 
    "fields": {
      "default_value": "0", 
      "datatype": "number", 
      "maxvalue": null, 
      "unit_id": null, 
      "internal_name": "Trash_items_scores_trash_accumulation", 
      "minvalue": 0
    }
  }, 
  {
    "pk": 98, 
    "model": "datasheets.field", 
    "fields": {
      "default_value": "0", 
      "datatype": "number", 
      "maxvalue": null, 
      "unit_id": null, 
      "internal_name": "Number_garbage_bags", 
      "minvalue": 0
    }
  }, 
  {
    "pk": 99, 
    "model": "datasheets.field", 
    "fields": {
      "default_value": "0", 
      "datatype": "number", 
      "maxvalue": null, 
      "unit_id": null, 
      "internal_name": "Number_garbage_bags_beach", 
      "minvalue": 0
    }
  }, 
  {
    "pk": 100, 
    "model": "datasheets.field", 
    "fields": {
      "default_value": "0", 
      "datatype": "number", 
      "maxvalue": null, 
      "unit_id": null, 
      "internal_name": "Number_garbage_bags_underwater", 
      "minvalue": 0
    }
  }, 
  {
    "pk": 101, 
    "model": "datasheets.field", 
    "fields": {
      "default_value": "0", 
      "datatype": "number", 
      "maxvalue": null, 
      "unit_id": null, 
      "internal_name": "Number_garbage_bags_watercraft", 
      "minvalue": 0
    }
  }, 
  {
    "pk": 102, 
    "model": "datasheets.field", 
    "fields": {
      "default_value": "0", 
      "datatype": "number", 
      "maxvalue": null, 
      "unit_id": null, 
      "internal_name": "Total_pounds_collected", 
      "minvalue": 0
    }
  }, 
  {
    "pk": 103, 
    "model": "datasheets.field", 
    "fields": {
      "default_value": "", 
      "datatype": "text", 
      "maxvalue": null, 
      "unit_id": null, 
      "internal_name": "Narrative_of_results", 
      "minvalue": null
    }
  }, 
  {
    "pk": 104, 
    "model": "datasheets.field", 
    "fields": {
      "default_value": "0", 
      "datatype": "number", 
      "maxvalue": null, 
      "unit_id": null, 
      "internal_name": "Entangled_animals_dead_or_alive", 
      "minvalue": 0
    }
  }, 
  {
    "pk": 105, 
    "model": "datasheets.field", 
    "fields": {
      "default_value": "0", 
      "datatype": "number", 
      "maxvalue": null, 
      "unit_id": null, 
      "internal_name": "Dead_animals", 
      "minvalue": 0
    }
  }, 
  {
    "pk": 106, 
    "model": "datasheets.field", 
    "fields": {
      "default_value": "", 
      "datatype": "text", 
      "maxvalue": null, 
      "unit_id": null, 
      "internal_name": "Most_peculiar_item", 
      "minvalue": null
    }
  }, 
  {
    "pk": 107, 
    "model": "datasheets.field", 
    "fields": {
      "default_value": "0", 
      "datatype": "number", 
      "maxvalue": null, 
      "unit_id": null, 
      "internal_name": "Plastics", 
      "minvalue": 0
    }
  }, 
  {
    "pk": 108, 
    "model": "datasheets.field", 
    "fields": {
      "default_value": "0", 
      "datatype": "number", 
      "maxvalue": null, 
      "unit_id": null, 
      "internal_name": "Plastic_bags", 
      "minvalue": 0
    }
  }, 
  {
    "pk": 109, 
    "model": "datasheets.field", 
    "fields": {
      "default_value": "0", 
      "datatype": "number", 
      "maxvalue": null, 
      "unit_id": null, 
      "internal_name": "Plastic_bags_grocery_shopping_trash", 
      "minvalue": 0
    }
  }, 
  {
    "pk": 110, 
    "model": "datasheets.field", 
    "fields": {
      "default_value": "0", 
      "datatype": "number", 
      "maxvalue": null, 
      "unit_id": null, 
      "internal_name": "Plastic_bags_grocery_shopping", 
      "minvalue": 0
    }
  }, 
  {
    "pk": 111, 
    "model": "datasheets.field", 
    "fields": {
      "default_value": "0", 
      "datatype": "number", 
      "maxvalue": null, 
      "unit_id": null, 
      "internal_name": "Plastic_bags_trash", 
      "minvalue": 0
    }
  }, 
  {
    "pk": 112, 
    "model": "datasheets.field", 
    "fields": {
      "default_value": "0", 
      "datatype": "number", 
      "maxvalue": null, 
      "unit_id": null, 
      "internal_name": "Plastic_bags_ziplock_snack", 
      "minvalue": 0
    }
  }, 
  {
    "pk": 113, 
    "model": "datasheets.field", 
    "fields": {
      "default_value": "0", 
      "datatype": "number", 
      "maxvalue": null, 
      "unit_id": null, 
      "internal_name": "Plastic_food_wrappers", 
      "minvalue": 0
    }
  }, 
  {
    "pk": 114, 
    "model": "datasheets.field", 
    "fields": {
      "default_value": "0", 
      "datatype": "number", 
      "maxvalue": null, 
      "unit_id": null, 
      "internal_name": "Plastic_bottles", 
      "minvalue": 0
    }
  }, 
  {
    "pk": 117, 
    "model": "datasheets.field", 
    "fields": {
      "default_value": "0", 
      "datatype": "number", 
      "maxvalue": null, 
      "unit_id": null, 
      "internal_name": "Plastic_eating_items", 
      "minvalue": 0
    }
  }, 
  {
    "pk": 118, 
    "model": "datasheets.field", 
    "fields": {
      "default_value": "0", 
      "datatype": "number", 
      "maxvalue": null, 
      "unit_id": null, 
      "internal_name": "Plastic_lids_straws", 
      "minvalue": 0
    }
  }, 
  {
    "pk": 119, 
    "model": "datasheets.field", 
    "fields": {
      "default_value": "0", 
      "datatype": "number", 
      "maxvalue": null, 
      "unit_id": null, 
      "internal_name": "Plastic_straws_stirrers", 
      "minvalue": 0
    }
  }, 
  {
    "pk": 120, 
    "model": "datasheets.field", 
    "fields": {
      "default_value": "0", 
      "datatype": "number", 
      "maxvalue": null, 
      "unit_id": null, 
      "internal_name": "Plastic_bottle_caps_rings", 
      "minvalue": 0
    }
  }, 
  {
    "pk": 121, 
    "model": "datasheets.field", 
    "fields": {
      "default_value": "0", 
      "datatype": "number", 
      "maxvalue": null, 
      "unit_id": null, 
      "internal_name": "Plastic_6_pack_rings", 
      "minvalue": 0
    }
  }, 
  {
    "pk": 122, 
    "model": "datasheets.field", 
    "fields": {
      "default_value": "0", 
      "datatype": "number", 
      "maxvalue": null, 
      "unit_id": null, 
      "internal_name": "Plastic_fishing_line_nets_lures_floats", 
      "minvalue": 0
    }
  }, 
  {
    "pk": 123, 
    "model": "datasheets.field", 
    "fields": {
      "default_value": "0", 
      "datatype": "number", 
      "maxvalue": null, 
      "unit_id": null, 
      "internal_name": "Plastic_fishing_lures_light_sticks", 
      "minvalue": 0
    }
  }, 
  {
    "pk": 124, 
    "model": "datasheets.field", 
    "fields": {
      "default_value": "0", 
      "datatype": "number", 
      "maxvalue": null, 
      "unit_id": null, 
      "internal_name": "Plastic_fishing_line", 
      "minvalue": 0
    }
  }, 
  {
    "pk": 125, 
    "model": "datasheets.field", 
    "fields": {
      "default_value": "0", 
      "datatype": "number", 
      "maxvalue": null, 
      "unit_id": null, 
      "internal_name": "Plastic_strapping_bands", 
      "minvalue": 0
    }
  }, 
  {
    "pk": 96, 
    "model": "datasheets.field", 
    "fields": {
      "default_value": "0", 
      "datatype": "weight", 
      "maxvalue": null, 
      "unit_id": 2, 
      "internal_name": "Pounds_trash_underwater", 
      "minvalue": 0
    }
  }, 
  {
    "pk": 126, 
    "model": "datasheets.field", 
    "fields": {
      "default_value": "0", 
      "datatype": "number", 
      "maxvalue": null, 
      "unit_id": null, 
      "internal_name": "Plastic_oil_bottles", 
      "minvalue": 0
    }
  }, 
  {
    "pk": 97, 
    "model": "datasheets.field", 
    "fields": {
      "default_value": "0", 
      "datatype": "weight", 
      "maxvalue": null, 
      "unit_id": 2, 
      "internal_name": "Pounds_trash_watercraft", 
      "minvalue": 0
    }
  }, 
  {
    "pk": 95, 
    "model": "datasheets.field", 
    "fields": {
      "default_value": "0", 
      "datatype": "weight", 
      "maxvalue": null, 
      "unit_id": 2, 
      "internal_name": "Pounds_trash_beach", 
      "minvalue": 0
    }
  }, 
  {
    "pk": 94, 
    "model": "datasheets.field", 
    "fields": {
      "default_value": "0", 
      "datatype": "weight", 
      "maxvalue": null, 
      "unit_id": 2, 
      "internal_name": "Pounds_green", 
      "minvalue": 0
    }
  }, 
  {
    "pk": 93, 
    "model": "datasheets.field", 
    "fields": {
      "default_value": "0", 
      "datatype": "weight", 
      "maxvalue": null, 
      "unit_id": 2, 
      "internal_name": "Pounds_recyclables", 
      "minvalue": 0
    }
  }, 
  {
    "pk": 92, 
    "model": "datasheets.field", 
    "fields": {
      "default_value": "0", 
      "datatype": "weight", 
      "maxvalue": null, 
      "unit_id": 2, 
      "internal_name": "Pounds_trash", 
      "minvalue": 0
    }
  }, 
  {
    "pk": 63, 
    "model": "datasheets.field", 
    "fields": {
      "default_value": "0", 
      "datatype": "area", 
      "maxvalue": null, 
      "unit_id": null, 
      "internal_name": "Cleanup_area", 
      "minvalue": 0
    }
  }, 
  {
    "pk": 128, 
    "model": "datasheets.field", 
    "fields": {
      "default_value": "0", 
      "datatype": "number", 
      "maxvalue": null, 
      "unit_id": null, 
      "internal_name": "Plastic_tarps_sheeting", 
      "minvalue": 0
    }
  }, 
  {
    "pk": 129, 
    "model": "datasheets.field", 
    "fields": {
      "default_value": "0", 
      "datatype": "number", 
      "maxvalue": null, 
      "unit_id": null, 
      "internal_name": "Plastic_pipe", 
      "minvalue": 0
    }
  }, 
  {
    "pk": 130, 
    "model": "datasheets.field", 
    "fields": {
      "default_value": "0", 
      "datatype": "number", 
      "maxvalue": null, 
      "unit_id": null, 
      "internal_name": "Plastic_soft_pieces", 
      "minvalue": 0
    }
  }, 
  {
    "pk": 131, 
    "model": "datasheets.field", 
    "fields": {
      "default_value": "0", 
      "datatype": "number", 
      "maxvalue": null, 
      "unit_id": null, 
      "internal_name": "Plastic_hard_pieces", 
      "minvalue": 0
    }
  }, 
  {
    "pk": 132, 
    "model": "datasheets.field", 
    "fields": {
      "default_value": "0", 
      "datatype": "number", 
      "maxvalue": null, 
      "unit_id": null, 
      "internal_name": "Plastic_pieces", 
      "minvalue": 0
    }
  }, 
  {
    "pk": 133, 
    "model": "datasheets.field", 
    "fields": {
      "default_value": "0", 
      "datatype": "number", 
      "maxvalue": null, 
      "unit_id": null, 
      "internal_name": "Styrofoam_food_containers_dishes", 
      "minvalue": 0
    }
  }, 
  {
    "pk": 134, 
    "model": "datasheets.field", 
    "fields": {
      "default_value": "0", 
      "datatype": "number", 
      "maxvalue": null, 
      "unit_id": null, 
      "internal_name": "Styrofoam_food_containers", 
      "minvalue": 0
    }
  }, 
  {
    "pk": 135, 
    "model": "datasheets.field", 
    "fields": {
      "default_value": "0", 
      "datatype": "number", 
      "maxvalue": null, 
      "unit_id": null, 
      "internal_name": "Styrofoam_dishes", 
      "minvalue": 0
    }
  }, 
  {
    "pk": 136, 
    "model": "datasheets.field", 
    "fields": {
      "default_value": "0", 
      "datatype": "number", 
      "maxvalue": null, 
      "unit_id": null, 
      "internal_name": "Styrofoam_pieces", 
      "minvalue": 0
    }
  }, 
  {
    "pk": 137, 
    "model": "datasheets.field", 
    "fields": {
      "default_value": "0", 
      "datatype": "number", 
      "maxvalue": null, 
      "unit_id": null, 
      "internal_name": "Styrofoam_buoys_floats", 
      "minvalue": 0
    }
  }, 
  {
    "pk": 138, 
    "model": "datasheets.field", 
    "fields": {
      "default_value": "0", 
      "datatype": "number", 
      "maxvalue": null, 
      "unit_id": null, 
      "internal_name": "Styrofoam_packaging", 
      "minvalue": 0
    }
  }, 
  {
    "pk": 139, 
    "model": "datasheets.field", 
    "fields": {
      "default_value": "0", 
      "datatype": "number", 
      "maxvalue": null, 
      "unit_id": null, 
      "internal_name": "Glass_bottles", 
      "minvalue": 0
    }
  }, 
  {
    "pk": 140, 
    "model": "datasheets.field", 
    "fields": {
      "default_value": "0", 
      "datatype": "number", 
      "maxvalue": null, 
      "unit_id": null, 
      "internal_name": "Glass_pieces", 
      "minvalue": 0
    }
  }, 
  {
    "pk": 141, 
    "model": "datasheets.field", 
    "fields": {
      "default_value": "0", 
      "datatype": "number", 
      "maxvalue": null, 
      "unit_id": null, 
      "internal_name": "Paper", 
      "minvalue": 0
    }
  }, 
  {
    "pk": 142, 
    "model": "datasheets.field", 
    "fields": {
      "default_value": "0", 
      "datatype": "number", 
      "maxvalue": null, 
      "unit_id": null, 
      "internal_name": "Paper_bags", 
      "minvalue": 0
    }
  }, 
  {
    "pk": 143, 
    "model": "datasheets.field", 
    "fields": {
      "default_value": "0", 
      "datatype": "number", 
      "maxvalue": null, 
      "unit_id": null, 
      "internal_name": "Paper_dishes_containers", 
      "minvalue": 0
    }
  }, 
  {
    "pk": 144, 
    "model": "datasheets.field", 
    "fields": {
      "default_value": "0", 
      "datatype": "number", 
      "maxvalue": null, 
      "unit_id": null, 
      "internal_name": "Paper_cardboard_newspaper_magazine", 
      "minvalue": 0
    }
  }, 
  {
    "pk": 145, 
    "model": "datasheets.field", 
    "fields": {
      "default_value": "0", 
      "datatype": "number", 
      "maxvalue": null, 
      "unit_id": null, 
      "internal_name": "Paper_pieces", 
      "minvalue": 0
    }
  }, 
  {
    "pk": 146, 
    "model": "datasheets.field", 
    "fields": {
      "default_value": "0", 
      "datatype": "number", 
      "maxvalue": null, 
      "unit_id": null, 
      "internal_name": "Metal_pieces", 
      "minvalue": 0
    }
  }, 
  {
    "pk": 147, 
    "model": "datasheets.field", 
    "fields": {
      "default_value": "0", 
      "datatype": "number", 
      "maxvalue": null, 
      "unit_id": null, 
      "internal_name": "Metal_caps_lids", 
      "minvalue": 0
    }
  }, 
  {
    "pk": 148, 
    "model": "datasheets.field", 
    "fields": {
      "default_value": "0", 
      "datatype": "number", 
      "maxvalue": null, 
      "unit_id": null, 
      "internal_name": "Metal_pull_tabs", 
      "minvalue": 0
    }
  }, 
  {
    "pk": 149, 
    "model": "datasheets.field", 
    "fields": {
      "default_value": "0", 
      "datatype": "number", 
      "maxvalue": null, 
      "unit_id": null, 
      "internal_name": "Metal_caps_lids_pull_tabs", 
      "minvalue": 0
    }
  }, 
  {
    "pk": 150, 
    "model": "datasheets.field", 
    "fields": {
      "default_value": "0", 
      "datatype": "number", 
      "maxvalue": null, 
      "unit_id": null, 
      "internal_name": "Metal_beverage_cans", 
      "minvalue": 0
    }
  }, 
  {
    "pk": 151, 
    "model": "datasheets.field", 
    "fields": {
      "default_value": "0", 
      "datatype": "number", 
      "maxvalue": null, 
      "unit_id": null, 
      "internal_name": "Metal_aluminum_foil", 
      "minvalue": 0
    }
  }, 
  {
    "pk": 152, 
    "model": "datasheets.field", 
    "fields": {
      "default_value": "0", 
      "datatype": "number", 
      "maxvalue": null, 
      "unit_id": null, 
      "internal_name": "Metal_pipe", 
      "minvalue": 0
    }
  }, 
  {
    "pk": 153, 
    "model": "datasheets.field", 
    "fields": {
      "default_value": "0", 
      "datatype": "number", 
      "maxvalue": null, 
      "unit_id": null, 
      "internal_name": "Metal_wire", 
      "minvalue": 0
    }
  }, 
  {
    "pk": 154, 
    "model": "datasheets.field", 
    "fields": {
      "default_value": "0", 
      "datatype": "number", 
      "maxvalue": null, 
      "unit_id": null, 
      "internal_name": "Metal_fishing_hooks_lures", 
      "minvalue": 0
    }
  }, 
  {
    "pk": 155, 
    "model": "datasheets.field", 
    "fields": {
      "default_value": "0", 
      "datatype": "number", 
      "maxvalue": null, 
      "unit_id": null, 
      "internal_name": "Cigarette_butts", 
      "minvalue": 0
    }
  }, 
  {
    "pk": 156, 
    "model": "datasheets.field", 
    "fields": {
      "default_value": "0", 
      "datatype": "number", 
      "maxvalue": null, 
      "unit_id": null, 
      "internal_name": "Cigarette_lighters", 
      "minvalue": 0
    }
  }, 
  {
    "pk": 157, 
    "model": "datasheets.field", 
    "fields": {
      "default_value": "0", 
      "datatype": "number", 
      "maxvalue": null, 
      "unit_id": null, 
      "internal_name": "Cigar_tips", 
      "minvalue": 0
    }
  }, 
  {
    "pk": 158, 
    "model": "datasheets.field", 
    "fields": {
      "default_value": "0", 
      "datatype": "number", 
      "maxvalue": null, 
      "unit_id": null, 
      "internal_name": "Cigarette_packages", 
      "minvalue": 0
    }
  }, 
  {
    "pk": 159, 
    "model": "datasheets.field", 
    "fields": {
      "default_value": "0", 
      "datatype": "number", 
      "maxvalue": null, 
      "unit_id": null, 
      "internal_name": "General_fishing_line", 
      "minvalue": 0
    }
  }, 
  {
    "pk": 160, 
    "model": "datasheets.field", 
    "fields": {
      "default_value": "0", 
      "datatype": "number", 
      "maxvalue": null, 
      "unit_id": null, 
      "internal_name": "General_caps_lids", 
      "minvalue": 0
    }
  }, 
  {
    "pk": 161, 
    "model": "datasheets.field", 
    "fields": {
      "default_value": "0", 
      "datatype": "number", 
      "maxvalue": null, 
      "unit_id": null, 
      "internal_name": "General_bouys_floats", 
      "minvalue": 0
    }
  }, 
  {
    "pk": 162, 
    "model": "datasheets.field", 
    "fields": {
      "default_value": "0", 
      "datatype": "number", 
      "maxvalue": null, 
      "unit_id": null, 
      "internal_name": "General_strapping_bands", 
      "minvalue": 0
    }
  }, 
  {
    "pk": 163, 
    "model": "datasheets.field", 
    "fields": {
      "default_value": "0", 
      "datatype": "number", 
      "maxvalue": null, 
      "unit_id": null, 
      "internal_name": "General_fishing_nets", 
      "minvalue": 0
    }
  }, 
  {
    "pk": 164, 
    "model": "datasheets.field", 
    "fields": {
      "default_value": "0", 
      "datatype": "number", 
      "maxvalue": null, 
      "unit_id": null, 
      "internal_name": "General_rope", 
      "minvalue": 0
    }
  }, 
  {
    "pk": 165, 
    "model": "datasheets.field", 
    "fields": {
      "default_value": "0", 
      "datatype": "number", 
      "maxvalue": null, 
      "unit_id": null, 
      "internal_name": "General_fishing_net_or_rope", 
      "minvalue": 0
    }
  }, 
  {
    "pk": 166, 
    "model": "datasheets.field", 
    "fields": {
      "default_value": "0", 
      "datatype": "number", 
      "maxvalue": null, 
      "unit_id": null, 
      "internal_name": "General_food_containers_dishes", 
      "minvalue": 0
    }
  }, 
  {
    "pk": 167, 
    "model": "datasheets.field", 
    "fields": {
      "default_value": "0", 
      "datatype": "number", 
      "maxvalue": null, 
      "unit_id": null, 
      "internal_name": "General_food_containers ", 
      "minvalue": 0
    }
  }, 
  {
    "pk": 168, 
    "model": "datasheets.field", 
    "fields": {
      "default_value": "0", 
      "datatype": "number", 
      "maxvalue": null, 
      "unit_id": null, 
      "internal_name": "General_food_dishes", 
      "minvalue": 0
    }
  }, 
  {
    "pk": 169, 
    "model": "datasheets.field", 
    "fields": {
      "default_value": "0", 
      "datatype": "number", 
      "maxvalue": null, 
      "unit_id": null, 
      "internal_name": "General_bags", 
      "minvalue": 0
    }
  }, 
  {
    "pk": 170, 
    "model": "datasheets.field", 
    "fields": {
      "default_value": "0", 
      "datatype": "number", 
      "maxvalue": null, 
      "unit_id": null, 
      "internal_name": "General_fishing_bait_containers", 
      "minvalue": 0
    }
  }, 
  {
    "pk": 171, 
    "model": "datasheets.field", 
    "fields": {
      "default_value": "0", 
      "datatype": "number", 
      "maxvalue": null, 
      "unit_id": null, 
      "internal_name": "General_hose_pieces", 
      "minvalue": 0
    }
  }, 
  {
    "pk": 172, 
    "model": "datasheets.field", 
    "fields": {
      "default_value": "0", 
      "datatype": "number", 
      "maxvalue": null, 
      "unit_id": null, 
      "internal_name": "Biohazard", 
      "minvalue": 0
    }
  }, 
  {
    "pk": 173, 
    "model": "datasheets.field", 
    "fields": {
      "default_value": "0", 
      "datatype": "number", 
      "maxvalue": null, 
      "unit_id": null, 
      "internal_name": "Sanitary_items", 
      "minvalue": 0
    }
  }, 
  {
    "pk": 174, 
    "model": "datasheets.field", 
    "fields": {
      "default_value": "0", 
      "datatype": "number", 
      "maxvalue": null, 
      "unit_id": null, 
      "internal_name": "Syringes", 
      "minvalue": 0
    }
  }, 
  {
    "pk": 175, 
    "model": "datasheets.field", 
    "fields": {
      "default_value": "0", 
      "datatype": "number", 
      "maxvalue": null, 
      "unit_id": null, 
      "internal_name": "Diapers", 
      "minvalue": 0
    }
  }, 
  {
    "pk": 176, 
    "model": "datasheets.field", 
    "fields": {
      "default_value": "0", 
      "datatype": "number", 
      "maxvalue": null, 
      "unit_id": null, 
      "internal_name": "Condoms", 
      "minvalue": 0
    }
  }, 
  {
    "pk": 177, 
    "model": "datasheets.field", 
    "fields": {
      "default_value": "0", 
      "datatype": "number", 
      "maxvalue": null, 
      "unit_id": null, 
      "internal_name": "Feminine_products", 
      "minvalue": 0
    }
  }, 
  {
    "pk": 178, 
    "model": "datasheets.field", 
    "fields": {
      "default_value": "0", 
      "datatype": "number", 
      "maxvalue": null, 
      "unit_id": null, 
      "internal_name": "Bandages", 
      "minvalue": 0
    }
  }, 
  {
    "pk": 179, 
    "model": "datasheets.field", 
    "fields": {
      "default_value": "0", 
      "datatype": "number", 
      "maxvalue": null, 
      "unit_id": null, 
      "internal_name": "Pet_waste", 
      "minvalue": 0
    }
  }, 
  {
    "pk": 180, 
    "model": "datasheets.field", 
    "fields": {
      "default_value": "0", 
      "datatype": "number", 
      "maxvalue": null, 
      "unit_id": null, 
      "internal_name": "Toxic", 
      "minvalue": 0
    }
  }, 
  {
    "pk": 181, 
    "model": "datasheets.field", 
    "fields": {
      "default_value": "0", 
      "datatype": "number", 
      "maxvalue": null, 
      "unit_id": null, 
      "internal_name": "Chemical_cleaner_containers", 
      "minvalue": 0
    }
  }, 
  {
    "pk": 182, 
    "model": "datasheets.field", 
    "fields": {
      "default_value": "0", 
      "datatype": "number", 
      "maxvalue": null, 
      "unit_id": null, 
      "internal_name": "Chemical_poison_containers", 
      "minvalue": 0
    }
  }, 
  {
    "pk": 183, 
    "model": "datasheets.field", 
    "fields": {
      "default_value": "0", 
      "datatype": "number", 
      "maxvalue": null, 
      "unit_id": null, 
      "internal_name": "Chemical_containers", 
      "minvalue": 0
    }
  }, 
  {
    "pk": 184, 
    "model": "datasheets.field", 
    "fields": {
      "default_value": "0", 
      "datatype": "number", 
      "maxvalue": null, 
      "unit_id": null, 
      "internal_name": "Oil_surfactant_on_water", 
      "minvalue": 0
    }
  }, 
  {
    "pk": 185, 
    "model": "datasheets.field", 
    "fields": {
      "default_value": "0", 
      "datatype": "number", 
      "maxvalue": null, 
      "unit_id": null, 
      "internal_name": "Spray_paint_cans", 
      "minvalue": 0
    }
  }, 
  {
    "pk": 186, 
    "model": "datasheets.field", 
    "fields": {
      "default_value": "0", 
      "datatype": "number", 
      "maxvalue": null, 
      "unit_id": null, 
      "internal_name": "Small_batteries", 
      "minvalue": 0
    }
  }, 
  {
    "pk": 187, 
    "model": "datasheets.field", 
    "fields": {
      "default_value": "0", 
      "datatype": "number", 
      "maxvalue": null, 
      "unit_id": null, 
      "internal_name": "Nails", 
      "minvalue": 0
    }
  }, 
  {
    "pk": 188, 
    "model": "datasheets.field", 
    "fields": {
      "default_value": "0", 
      "datatype": "number", 
      "maxvalue": null, 
      "unit_id": null, 
      "internal_name": "Fireworks", 
      "minvalue": 0
    }
  }, 
  {
    "pk": 189, 
    "model": "datasheets.field", 
    "fields": {
      "default_value": "0", 
      "datatype": "number", 
      "maxvalue": null, 
      "unit_id": null, 
      "internal_name": "Beach_chairs_umbrellas_toys", 
      "minvalue": 0
    }
  }, 
  {
    "pk": 190, 
    "model": "datasheets.field", 
    "fields": {
      "default_value": "0", 
      "datatype": "number", 
      "maxvalue": null, 
      "unit_id": null, 
      "internal_name": "Golf_balls", 
      "minvalue": 0
    }
  }, 
  {
    "pk": 191, 
    "model": "datasheets.field", 
    "fields": {
      "default_value": "0", 
      "datatype": "number", 
      "maxvalue": null, 
      "unit_id": null, 
      "internal_name": "Tennis_balls", 
      "minvalue": 0
    }
  }, 
  {
    "pk": 192, 
    "model": "datasheets.field", 
    "fields": {
      "default_value": "0", 
      "datatype": "number", 
      "maxvalue": null, 
      "unit_id": null, 
      "internal_name": "Toys", 
      "minvalue": 0
    }
  }, 
  {
    "pk": 193, 
    "model": "datasheets.field", 
    "fields": {
      "default_value": "0", 
      "datatype": "number", 
      "maxvalue": null, 
      "unit_id": null, 
      "internal_name": "Shoes", 
      "minvalue": 0
    }
  }, 
  {
    "pk": 194, 
    "model": "datasheets.field", 
    "fields": {
      "default_value": "0", 
      "datatype": "number", 
      "maxvalue": null, 
      "unit_id": null, 
      "internal_name": "Clothing_towels_shoes", 
      "minvalue": 0
    }
  }, 
  {
    "pk": 195, 
    "model": "datasheets.field", 
    "fields": {
      "default_value": "0", 
      "datatype": "number", 
      "maxvalue": null, 
      "unit_id": null, 
      "internal_name": "Synthetic_fabric", 
      "minvalue": 0
    }
  }, 
  {
    "pk": 196, 
    "model": "datasheets.field", 
    "fields": {
      "default_value": "0", 
      "datatype": "number", 
      "maxvalue": null, 
      "unit_id": null, 
      "internal_name": "Natural_fabric", 
      "minvalue": 0
    }
  }, 
  {
    "pk": 197, 
    "model": "datasheets.field", 
    "fields": {
      "default_value": "0", 
      "datatype": "number", 
      "maxvalue": null, 
      "unit_id": null, 
      "internal_name": "Computers", 
      "minvalue": 0
    }
  }, 
  {
    "pk": 198, 
    "model": "datasheets.field", 
    "fields": {
      "default_value": "0", 
      "datatype": "number", 
      "maxvalue": null, 
      "unit_id": null, 
      "internal_name": "Ammunition", 
      "minvalue": 0
    }
  }, 
  {
    "pk": 199, 
    "model": "datasheets.field", 
    "fields": {
      "default_value": "0", 
      "datatype": "number", 
      "maxvalue": null, 
      "unit_id": null, 
      "internal_name": "Light_bulbs_tubes", 
      "minvalue": 0
    }
  }, 
  {
    "pk": 200, 
    "model": "datasheets.field", 
    "fields": {
      "default_value": "0", 
      "datatype": "number", 
      "maxvalue": null, 
      "unit_id": null, 
      "internal_name": "Synthetic_rubber", 
      "minvalue": 0
    }
  }, 
  {
    "pk": 201, 
    "model": "datasheets.field", 
    "fields": {
      "default_value": "0", 
      "datatype": "number", 
      "maxvalue": null, 
      "unit_id": null, 
      "internal_name": "Foam_rubber", 
      "minvalue": 0
    }
  }, 
  {
    "pk": 202, 
    "model": "datasheets.field", 
    "fields": {
      "default_value": "0", 
      "datatype": "number", 
      "maxvalue": null, 
      "unit_id": null, 
      "internal_name": "Ceramic_pieces", 
      "minvalue": 0
    }
  }, 
  {
    "pk": 203, 
    "model": "datasheets.field", 
    "fields": {
      "default_value": "0", 
      "datatype": "number", 
      "maxvalue": null, 
      "unit_id": null, 
      "internal_name": "Construction_debris", 
      "minvalue": 0
    }
  }, 
  {
    "pk": 204, 
    "model": "datasheets.field", 
    "fields": {
      "default_value": "0", 
      "datatype": "number", 
      "maxvalue": null, 
      "unit_id": null, 
      "internal_name": "Concrete_debris", 
      "minvalue": 0
    }
  }, 
  {
    "pk": 205, 
    "model": "datasheets.field", 
    "fields": {
      "default_value": "0", 
      "datatype": "number", 
      "maxvalue": null, 
      "unit_id": null, 
      "internal_name": "Rebar", 
      "minvalue": 0
    }
  }, 
  {
    "pk": 206, 
    "model": "datasheets.field", 
    "fields": {
      "default_value": "0", 
      "datatype": "number", 
      "maxvalue": null, 
      "unit_id": null, 
      "internal_name": "Bricks", 
      "minvalue": 0
    }
  }, 
  {
    "pk": 207, 
    "model": "datasheets.field", 
    "fields": {
      "default_value": "0", 
      "datatype": "number", 
      "maxvalue": null, 
      "unit_id": null, 
      "internal_name": "Wood_debris", 
      "minvalue": 0
    }
  }, 
  {
    "pk": 208, 
    "model": "datasheets.field", 
    "fields": {
      "default_value": "0", 
      "datatype": "number", 
      "maxvalue": null, 
      "unit_id": null, 
      "internal_name": "Pallets", 
      "minvalue": 0
    }
  }, 
  {
    "pk": 209, 
    "model": "datasheets.field", 
    "fields": {
      "default_value": "0", 
      "datatype": "number", 
      "maxvalue": null, 
      "unit_id": null, 
      "internal_name": "Large_trash_items", 
      "minvalue": 0
    }
  }, 
  {
    "pk": 210, 
    "model": "datasheets.field", 
    "fields": {
      "default_value": "0", 
      "datatype": "number", 
      "maxvalue": null, 
      "unit_id": null, 
      "internal_name": "Crab_pots_traps", 
      "minvalue": 0
    }
  }, 
  {
    "pk": 211, 
    "model": "datasheets.field", 
    "fields": {
      "default_value": "0", 
      "datatype": "number", 
      "maxvalue": null, 
      "unit_id": null, 
      "internal_name": "Furniture", 
      "minvalue": 0
    }
  }, 
  {
    "pk": 212, 
    "model": "datasheets.field", 
    "fields": {
      "default_value": "0", 
      "datatype": "number", 
      "maxvalue": null, 
      "unit_id": null, 
      "internal_name": "Shopping_carts", 
      "minvalue": 0
    }
  }, 
  {
    "pk": 213, 
    "model": "datasheets.field", 
    "fields": {
      "default_value": "0", 
      "datatype": "number", 
      "maxvalue": null, 
      "unit_id": null, 
      "internal_name": "Home_appliances", 
      "minvalue": 0
    }
  }, 
  {
    "pk": 214, 
    "model": "datasheets.field", 
    "fields": {
      "default_value": "0", 
      "datatype": "number", 
      "maxvalue": null, 
      "unit_id": null, 
      "internal_name": "Cars_car_parts", 
      "minvalue": 0
    }
  }, 
  {
    "pk": 215, 
    "model": "datasheets.field", 
    "fields": {
      "default_value": "0", 
      "datatype": "number", 
      "maxvalue": null, 
      "unit_id": null, 
      "internal_name": "Bikes_bike_parts", 
      "minvalue": 0
    }
  }, 
  {
    "pk": 216, 
    "model": "datasheets.field", 
    "fields": {
      "default_value": "0", 
      "datatype": "number", 
      "maxvalue": null, 
      "unit_id": null, 
      "internal_name": "Garbage_bags_of_trash", 
      "minvalue": 0
    }
  }, 
  {
    "pk": 217, 
    "model": "datasheets.field", 
    "fields": {
      "default_value": "0", 
      "datatype": "number", 
      "maxvalue": null, 
      "unit_id": null, 
      "internal_name": "Number_Tires", 
      "minvalue": 0
    }
  }, 
  {
    "pk": 218, 
    "model": "datasheets.field", 
    "fields": {
      "default_value": "0", 
      "datatype": "number", 
      "maxvalue": null, 
      "unit_id": 2, 
      "internal_name": "Pounds_Tires", 
      "minvalue": 0
    }
  }, 
  {
    "pk": 219, 
    "model": "datasheets.field", 
    "fields": {
      "default_value": "0", 
      "datatype": "number", 
      "maxvalue": null, 
      "unit_id": null, 
      "internal_name": "Car_batteries", 
      "minvalue": 0
    }
  }, 
  {
    "pk": 220, 
    "model": "datasheets.field", 
    "fields": {
      "default_value": "0", 
      "datatype": "number", 
      "maxvalue": null, 
      "unit_id": null, 
      "internal_name": "Shipping_crates", 
      "minvalue": 0
    }
  }, 
  {
    "pk": 221, 
    "model": "datasheets.field", 
    "fields": {
      "default_value": "0", 
      "datatype": "number", 
      "maxvalue": null, 
      "unit_id": null, 
      "internal_name": "55_gallon_drums", 
      "minvalue": 0
    }
  }, 
  {
    "pk": 222, 
    "model": "datasheets.field", 
    "fields": {
      "default_value": "0", 
      "datatype": "number", 
      "maxvalue": null, 
      "unit_id": null, 
      "internal_name": "Food_waste", 
      "minvalue": 0
    }
  }, 
  {
    "pk": 223, 
    "model": "datasheets.field", 
    "fields": {
      "default_value": "0", 
      "datatype": "number", 
      "maxvalue": null, 
      "unit_id": null, 
      "internal_name": "Yard_waste", 
      "minvalue": 0
    }
  }, 
  {
    "pk": 224, 
    "model": "datasheets.field", 
    "fields": {
      "default_value": "0", 
      "datatype": "number", 
      "maxvalue": null, 
      "unit_id": null, 
      "internal_name": "Leaf_litter", 
      "minvalue": 0
    }
  }, 
  {
    "pk": 225, 
    "model": "datasheets.field", 
    "fields": {
      "default_value": "0", 
      "datatype": "number", 
      "maxvalue": null, 
      "unit_id": null, 
      "internal_name": "Native_trees_planted", 
      "minvalue": 0
    }
  }, 
  {
    "pk": 226, 
    "model": "datasheets.field", 
    "fields": {
      "default_value": "0", 
      "datatype": "number", 
      "maxvalue": null, 
      "unit_id": null, 
      "internal_name": "Native_plants_planted", 
      "minvalue": 0
    }
  }, 
  {
    "pk": 227, 
    "model": "datasheets.field", 
    "fields": {
      "default_value": "0", 
      "datatype": "number", 
      "maxvalue": null, 
      "unit_id": null, 
      "internal_name": "Mulch_spread", 
      "minvalue": 0
    }
  }, 
  {
    "pk": 228, 
    "model": "datasheets.field", 
    "fields": {
      "default_value": "0", 
      "datatype": "number", 
      "maxvalue": null, 
      "unit_id": null, 
      "internal_name": "Plant_tree_cages_installed", 
      "minvalue": 0
    }
  }, 
  {
    "pk": 229, 
    "model": "datasheets.field", 
    "fields": {
      "default_value": "0", 
      "datatype": "number", 
      "maxvalue": null, 
      "unit_id": null, 
      "internal_name": "Weeding_around_plants_trees", 
      "minvalue": 0
    }
  }, 
  {
    "pk": 230, 
    "model": "datasheets.field", 
    "fields": {
      "default_value": "0", 
      "datatype": "number", 
      "maxvalue": null, 
      "unit_id": null, 
      "internal_name": "Storm_drain_marking", 
      "minvalue": 0
    }
  }, 
  {
    "pk": 231, 
    "model": "datasheets.field", 
    "fields": {
      "default_value": "0", 
      "datatype": "number", 
      "maxvalue": null, 
      "unit_id": null, 
      "internal_name": "Staking_performed", 
      "minvalue": 0
    }
  }, 
  {
    "pk": 232, 
    "model": "datasheets.field", 
    "fields": {
      "default_value": "0", 
      "datatype": "number", 
      "maxvalue": null, 
      "unit_id": null, 
      "internal_name": "Paid_cleanup_crew", 
      "minvalue": 0
    }
  }, 
  {
    "pk": 233, 
    "model": "datasheets.field", 
    "fields": {
      "default_value": "0", 
      "datatype": "number", 
      "maxvalue": null, 
      "unit_id": null, 
      "internal_name": "Cuttings_performed", 
      "minvalue": 0
    }
  }, 
  {
    "pk": 234, 
    "model": "datasheets.field", 
    "fields": {
      "default_value": "0", 
      "datatype": "number", 
      "maxvalue": null, 
      "unit_id": null, 
      "internal_name": "Stream_bio_engineering", 
      "minvalue": 0
    }
  }, 
  {
    "pk": 235, 
    "model": "datasheets.field", 
    "fields": {
      "default_value": "", 
      "datatype": "boolean", 
      "maxvalue": null, 
      "unit_id": null, 
      "internal_name": "Priority_site", 
      "minvalue": null
    }
  }, 
  {
    "pk": 236, 
    "model": "datasheets.field", 
    "fields": {
      "default_value": "", 
      "datatype": "boolean", 
      "maxvalue": null, 
      "unit_id": null, 
      "internal_name": "Litter", 
      "minvalue": null
    }
  }, 
  {
    "pk": 237, 
    "model": "datasheets.field", 
    "fields": {
      "default_value": "", 
      "datatype": "boolean", 
      "maxvalue": null, 
      "unit_id": null, 
      "internal_name": "Maintenance", 
      "minvalue": null
    }
  }, 
  {
    "pk": 238, 
    "model": "datasheets.field", 
    "fields": {
      "default_value": "", 
      "datatype": "boolean", 
      "maxvalue": null, 
      "unit_id": null, 
      "internal_name": "Invasives", 
      "minvalue": null
    }
  }, 
  {
    "pk": 239, 
    "model": "datasheets.field", 
    "fields": {
      "default_value": "", 
      "datatype": "text", 
      "maxvalue": null, 
      "unit_id": null, 
      "internal_name": "Names_invasive_plants_removed", 
      "minvalue": null
    }
  }, 
  {
    "pk": 240, 
    "model": "datasheets.field", 
    "fields": {
      "default_value": "0", 
      "datatype": "number", 
      "maxvalue": null, 
      "unit_id": null, 
      "internal_name": "Area_invasive_plants_removed", 
      "minvalue": 0
    }
  }, 
  {
    "pk": 241, 
    "model": "datasheets.field", 
    "fields": {
      "default_value": "", 
      "datatype": "date", 
      "maxvalue": null, 
      "unit_id": null, 
      "internal_name": "Waiver_recieved", 
      "minvalue": null
    }
  }, 
  {
    "pk": 242, 
    "model": "datasheets.field", 
    "fields": {
      "default_value": "", 
      "datatype": "text", 
      "maxvalue": null, 
      "unit_id": null, 
      "internal_name": "Other_1_text", 
      "minvalue": null
    }
  }, 
  {
    "pk": 243, 
    "model": "datasheets.field", 
    "fields": {
      "default_value": "0", 
      "datatype": "number", 
      "maxvalue": null, 
      "unit_id": null, 
      "internal_name": "Total_Score_Value", 
      "minvalue": 0
    }
  }, 
  {
    "pk": 244, 
    "model": "datasheets.field", 
    "fields": {
      "default_value": "0", 
      "datatype": "number", 
      "maxvalue": null, 
      "unit_id": 6, 
      "internal_name": "Total_Score_Percentage", 
      "minvalue": 0
    }
  }, 
  {
    "pk": 245, 
    "model": "datasheets.field", 
    "fields": {
      "default_value": "0", 
      "datatype": "number", 
      "maxvalue": null, 
      "unit_id": null, 
      "internal_name": "Grade", 
      "minvalue": 0
    }
  }, 
  {
    "pk": 246, 
    "model": "datasheets.field", 
    "fields": {
      "default_value": "", 
      "datatype": "text", 
      "maxvalue": null, 
      "unit_id": null, 
      "internal_name": "Comments", 
      "minvalue": null
    }
  }, 
  {
    "pk": 2, 
    "model": "datasheets.organization", 
    "fields": {
      "orgname": "Save Our Shores", 
      "phone": "1231231234", 
      "contact": "Bob", 
      "address": "123"
    }
  }, 
  {
    "pk": 3, 
    "model": "datasheets.organization", 
    "fields": {
      "orgname": "SOLV", 
      "phone": "1", 
      "contact": "Joe", 
      "address": "1"
    }
  }, 
  {
    "pk": 1, 
    "model": "datasheets.unit", 
    "fields": {
      "long_name": "kilometers or miles", 
      "short_name": "km or mi"
    }
  }, 
  {
    "pk": 2, 
    "model": "datasheets.unit", 
    "fields": {
      "long_name": "pounds", 
      "short_name": "lbs"
    }
  }, 
  {
    "pk": 5, 
    "model": "datasheets.unit", 
    "fields": {
      "long_name": "decimal degrees", 
      "short_name": "dd"
    }
  }, 
  {
    "pk": 4, 
    "model": "datasheets.unit", 
    "fields": {
      "long_name": "miles", 
      "short_name": "mi"
    }
  }, 
  {
    "pk": 3, 
    "model": "datasheets.unit", 
    "fields": {
      "long_name": "kilometers", 
      "short_name": "km"
    }
  }, 
  {
    "pk": 6, 
    "model": "datasheets.unit", 
    "fields": {
      "long_name": "percentage", 
      "short_name": "perc"
    }
  }
]